settlement_location,pnode,class,scope,in_weis
WACM.UPI.FREDERICK,WACMDACONOUNFRED_MSR_GEN_RA,resource,internal,-
CRSP.TSGT.FSE,CRSP.TSGT.FSE_H,hub,internal,-
WACM.TSWY.GARLAND,WACMWRALSTONUNTSPM_GARLAND_RA,resource,internal,-
WACM_TSPM_MCBRYDE,WACM_TSPM_MCBRYDE_LA,load,internal,-
WAUW_NWDS_HAVRE,WAUW_NWDS_HAVRE_LA,load,review,-
IID,IID,ba,external-seam,yes
WACM_CRSP_TSPM_COSW,WACM_CRSP_TSPM_COSW_LA,load,internal,-
WACM.UPI.OVERLANDSLR,WACMCOLFERLDUNOVERLAND_RA,resource,internal,-
WACM.GPMR.PANORAMA.RTO,WACMRED_TAILUNPANORAMA_RA,resource,internal,-
WACM.PSC2.CRAIG1,WACM.PSC2.CRAIG1_H,hub,internal,-
WACM_DMEA_RTO,WACM_DMEA_RTO_LA,load,internal,-
PGAE,CISO,ba,external-seam,yes
WACM.MEAW.RIDGWAY,WACMW_SCNUNWACM_MEAN_COWC_RA,resource,internal,-
WAUW.NTWK,WAUW.NTWK_H,hub,review,-
NWMT,NWMT,ba,external-seam,yes
WAUW_NWDS_EHAVRE,WAUW_NWDS_EHAVRE_LA,load,review,-
WACM.LAP.BUFFALOBILL,WACMBUFFBLPPUNG_PLT_RA,resource,internal,-
WACM.UPI.DAVIS,WACMDAVSLRUNDAVIS_MSR_GEN_RA,resource,internal,-
WACM.DMEA.DROP3.RTO,WACMBULLOCKUNWACM_DMEA_BUL3_RA,resource,internal,-
PSLO_PEETZ_PR_PSCO_PSCM,PSLO_PEETZ_PR_PSCO_PSCM_LA,load,review,-
WAUW_NWDS_WHAVRE,WAUW_NWDS_WHAVRE_LA,load,review,-
CSU.SOUTHPLANT_AU4,WACMSOUTHPLAUNSOUTHPLANT_AU4_RA,resource,internal,-
WACM.CRSP.MORROWPOINT,WACMMPTUNMP_12_PLT_RA,resource,internal,-
WACM_LAP_WILW,WACM_LAP_WILW_LA,load,internal,-
PRPM.RAWHIDEB,PRPARAWHIDEUNRAWHIDE_B_RA,resource,internal,-
WACM_PACE_LARAMIE,WACM_PACE_LARAMIE_LA,load,internal,-
WACM.LAP.FREMONTCANYON,WACMFREMONRDUNFREMONT_PLT_RA,resource,internal,-
WACM_NPPW_NPPD,WACM_NPPW_NPPD_LA,load,internal,-
CSU.SOUTHPLANT_AU1,WACMSOUTHPLAUNSOUTHPLANT_AU1_RA,resource,internal,-
WACM.GPMR.ASHMESA.RTO,WACMGARNETMEUNASHMESA_RA,resource,internal,-
WACM.DMEA.DROP1.RTO,WACMBULLOCKUNWACM_DMEA_BUL1_RA,resource,internal,-
WACM_TSPM_WY_EAST,WACM_TSPM_WY_EAST_LA,load,internal,-
WACM.CRSP.MCPHEE,WACMGREATCUTUNCRSP_MCPH_RA,resource,internal,-
PACE,PACE,ba,internal,yes
WACM_LAP_UPI,WACM_LAP_UPI_LA,load,internal,-
WACM_CRSP_PAGE,WACM_CRSP_PAGE_LA,load,internal,-
BPA,BPA,ba,external-seam,yes
WACM_LAP_PUMP,WACM_LAP_PUMP_LA,load,internal,-
WAUW.UGPW.MILES_CITY,WAUWROSEBUDUNMILESCTY_DCTIE_RA,resource,review,-
WACM_LAP_NPPW,WACM_LAP_NPPW_LA,load,internal,-
AZPS,APS,ba,external-seam,yes
WACM.DMEA.GARNETMESA.RTO,WACMGARNETMEUNGMESA_DMEA_RA,resource,internal,-
CRSP.CSU.FSE,CRSP.CSU.FSE_H,hub,internal,-
WACM_PACE_SHOSHONE,WACM_PACE_SHOSHONE_LA,load,internal,-
WWA,WWA,ba,external-seam,yes
RCDC,RCDC,ba,internal,yes
LAMW,LAMW,ba,internal,yes
MEAI_CRG_HUB,MEAI_CRG_HUB_H,hub,internal,-
BANC,BANC,ba,external-seam,yes
WAUW.BEPW.TIBERHYDRO,WAUWTIBERUNG1_RA,resource,review,-
WACM_CRSP_NTUA_PNM,WACM_CRSP_NTUA_PNM_LA,load,internal,-
WACM.TSCO.CRAIG1,WACMCRGCUUNWACM_TSPM_U1_RA,resource,internal,-
WACM.UPI.PLATTESLR1,WACMRATTSKRDUNPLATTE1_RA,resource,internal,-
AESO,AESO,ba,external-seam,yes
PRPM.RAWHIDE1,PRPARAWHIDEUNRAWHIDE_1_RA,resource,internal,-
CISO,CISO,ba,external-seam,yes
SWPW_HUB,SWPW_HUB_H,hub,review,-
CSU.SOUTHPLANT_AU5,WACMSOUTHPLAUNSOUTHPLANT_AU5_RA,resource,internal,-
TEPC,TEPC,ba,external-seam,yes
PRPM.RAWHIDEC,PRPARAWHIDEUNRAWHIDE_C_RA,resource,internal,-
WACM.UPI.PRAICNTR,WACMPRAI_CTRUNPRAIRIE_MSR_RA,resource,internal,-
WACM.CRSP.DEERCREEK,WACMDRCRKUNDEER_CRK_RA,resource,internal,-
WACM_LAP_MIDV,WACM_LAP_MIDV_LA,load,internal,-
WACM_LAP_PRPA,WACM_LAP_PRPA_LA,load,internal,-
LADWP,LADWP,ba,external-seam,yes
WACM_PACE_WORLANDTP,WACM_PACE_WORLANDTP_LA,load,internal,-
WACM_PACE_LOVELL,WACM_PACE_LOVELL_LA,load,internal,-
MEAN.CPW.HUB24,MEAN.CPW.HUB24_H,hub,internal,-
WACM.CRSP.TOWAOC,WACMTOWAOCUNTOWAOC_RA,resource,internal,-
DGTM_BVFG_IM,DGTM_BVFG_IM_LA,load,review,-
WACM.UPI.MTNPKPWR5,WACMTESLA_69UNMPP5_GEN_RA,resource,internal,-
CSU.FRT_RNG,WACMFRONTRANUNFRT_RNG_PLT_RA,resource,internal,-
WACM.CRSP.CRYSTAL,WACMCRYUNCR1_RA,resource,internal,-
WACM_PACE_RALSTON,WACM_PACE_RALSTON_LA,load,internal,-
WACM_TSPM_CO_WEST_TSGT,WACM_TSPM_CO_WEST_TSGT_LA,load,internal,-
WACM.TSCO.CRAIG2,WACMCRGCUUNWACM_TSPM_U2_RA,resource,internal,-
PACW,PACW,ba,external-seam,yes
VEA,NVE,ba,external-seam,yes
WACM_FEUS_W,WACM_FEUS_W_LA,load,internal,-
PRPM.RAWHIDEA,PRPARAWHIDEUNRAWHIDE_A_RA,resource,internal,-
WACM.LAP.SEMINOE,WACMSEMINOEUNSEMINOE_PLT_RA,resource,internal,-
PRPM.RAWHIDED,PRPARAWHIDEUNRAWHIDE_D_RA,resource,internal,-
PRPM.RAWHIDEF,PRPARAWHIDEUNRAWHIDE_F_RA,resource,internal,-
PSLO_BERT_PR_PSCO_PSCM,PSLO_BERT_PR_PSCO_PSCM_LA,load,review,-
WACM.UPI.TESLA,WACMTESLA_69UNTESLA_MSR_RA,resource,internal,-
WACM.TSCO.CHW,WACMWWILDHORUNCO_HI_WIND_RA,resource,internal,-
LPEA_WACM_LD,LPEA_WACM_LD_LA,load,internal,-
WACM_CRSP_WILW,WACM_CRSP_WILW_H,hub,internal,-
WACM_CRSP_WMPA,WACM_CRSP_WMPA_H,hub,internal,-
PSEI,PSEI,ba,external-seam,yes
WACM_CRSP_DGTMGARKS,WACM_CRSP_DGTMGARKS_LA,load,internal,-
PRPM.CRAIG2,PRPACRG_PSCOUNPRPA_CRG_U2_RA,resource,internal,-
WACM_TSPM_NEWMEX,WACM_TSPM_NEWMEX_LA,load,internal,-
WACM_PACE_BIGGEORGE,WACM_PACE_BIGGEORGE_LA,load,internal,-
AVRN,AVRN,ba,internal,yes
CRSP_HUB,CRSP_HUB_H,hub,internal,-
PGE,PGE,ba,external-seam,yes
DGTM_MNLK_IM,DGTM_MNLK_IM_LA,load,review,-
WACM_LAP_TSPM_COLOAD,WACM_LAP_TSPM_COLOAD_LA,load,internal,-
WACM_PAGE_COSUP,WACM_PAGE_COSUP_LA,load,internal,-
CSU.CSRSOLAR,WACMRDNIXONUNCSRSOLAR_RA,resource,internal,-
WACM_PACE_NCODY,WACM_PACE_NCODY_H,hub,internal,-
CSU_L_CSU,CSU_L_CSU_LA,load,internal,-
WACM.DMEA.DROP5.RTO,WACMBULLOCKUNWACM_DMEA_BUL5_RA,resource,internal,-
PRPM.ROUNDHOUSE,PRPAROUNDHSEUNROUNDHSE_WND_RA,resource,internal,-
NTUA_LD,NTUA_LD_LA,load,internal,-
PRPM.BLACKHOLLOW,PRPASEVERANCUNBLK_HOLLOW_SLR_RA,resource,internal,-
CRSP.PRPA.FSE,CRSP.PRPA.FSE_H,hub,internal,-
LPEA_DOLCANSOL,WACMCAHUNLPEA_DOLCANSOL_RA,resource,internal,-
PSCO,PSCO,ba,internal,-
WACM_TSPM_WCHILD,WACM_TSPM_WCHILD_LA,load,internal,-
WACM_TSPM_CO_COSPGS,WACM_TSPM_CO_COSPGS_LA,load,internal,-
WACM.TSCO.LIMON2,WACMLINCOLRDUNLIMON_2_RA,resource,internal,-
WACM.LAP.ALCOVA,WACMALCOVAUNALCOVA_PLT_RA,resource,internal,-
WACM.LAP.BOYSEN,WACMBOYSENUNBOYSEN_PLT_RA,resource,internal,-
PSLO_COBB1_PR_PSCO_PSCM,PSLO_COBB1_PR_PSCO_PSCM_LA,load,review,-
CSU.GRAZINYAKSOLAR,WACMGOLDWACMUNGRAZINYAKSOLAR_RA,resource,internal,-
CSU.PALMERSOLAR,WACMWILLSCRKUNPALMERSOLAR_RA,resource,internal,-
WACM.MEAW.SHAVANO.DROP.6,WACMBULLOCKUNWACM_MEAN_BUL6_RA,resource,internal,-
WACM_PACE_COPPERMT,WACM_PACE_COPPERMT_LA,load,internal,-
PRPM_PR,PRPM_PR_LA,load,internal,-
WACM_TSPM_WY_EAST_TSGT,WACM_TSPM_WY_EAST_TSGT_LA,load,internal,-
WACM_CRSP_LOAD,WACM_CRSP_LOAD_LA,load,internal,-
WACM.UPI.MTNPKPWR4,WACMTESLA_69UNMPP4_GEN_RA,resource,internal,-
WACM.SRPM.CRAIG.2,WACMCRGCUUNWACM_SRPM_RA,resource,internal,-
WACM.TSPM.STEGALL,WACMWSTEGALLUNSTEGALL_DCTIE_RA,resource,internal,-
WACM.LAP.GUERNSEY,WACMLIMESTRDUNGUERNSEY_PLT_RA,resource,internal,-
WAUW_UGPW_BEPM,WAUW_UGPW_BEPM_LA,load,review,-
WACM.LAP.SHOSHONE,WACMSHOSHONEUNSHOSHONE_RA,resource,internal,-
WACM.LAP.POLEHILL,WACMPOLEHILLUNPOLEHILL_RA,resource,internal,-
WACM_CRSP_NTUA,WACM_CRSP_NTUA_LA,load,internal,-
DOPD,DOPD,ba,internal,yes
WACM_CRSP_ANIMAS,WACM_CRSP_ANIMAS_LA,load,internal,-
WACM.COS1.SID1,SID1_DDR,other,internal,-
WACM.CRSP.FONTENELLE,WACMFONWCMUNCRSP_FON_RA,resource,internal,-
WAUW.UGPW.YELLOWTAIL230,WAUWYELLWAUWUNYT_3_4_UGP_230_RA,resource,review,-
WACM.LAP.KORTES,WACMKORTESUNKORTES_PLT_RA,resource,internal,-
WACM_LAP_WMPA,WACM_LAP_WMPA_LA,load,internal,-
SCSW,SCSW_H,hub,internal,yes
LAP_HUB,LAP_HUB_H,hub,internal,-
CSU.SOUTHPLANT_AU2,WACMSOUTHPLAUNSOUTHPLANT_AU2_RA,resource,internal,-
PSLO_BURL_PR_PSCO_PSCM,PSLO_BURL_PR_PSCO_PSCM_LA,load,review,-
WACM.LAP.ESTES,WACMESTESUNESTES_PLT_RA,resource,internal,-
DGTM_DESM_IM,DGTM_DESM_IM_LA,load,review,-
WACM.UPI.MTNPKPWR1,WACMTESLA_69UNMPP1_GEN_RA,resource,internal,-
WACM.CRSP.GLENCANYON230,WACMGCUNGC_78_PLT_RA,resource,internal,-
NTUA_LD_PNM_BI,NTUA_LD_PNM_BI_LA,load,internal,-
WACM.LAP.GREENMOUNTAIN,WACMGREENMTNUNGREENMT_PLT_RA,resource,internal,-
DEAA,DEAA,ba,internal,yes
WACM_NTUA_PNM,WACM_NTUA_PNM_H,hub,internal,-
WACM_CRSP_NTUA_AZPS,WACM_CRSP_NTUA_AZPS_LA,load,internal,-
WACM.CRSP.BLUEMESA,WACMBMUNBM1_2_PLT_RA,resource,internal,-
WACM.TSCO.WILLIAMSFORK,WACMWILFORKUNWILL_FORK_RA,resource,internal,-
WACM_PACE_SPRINGCREEK,WACM_PACE_SPRINGCREEK_LA,load,internal,-
WACM.LAP.SPIRITMOUNTAIN,WACMBUFFBLPPUNSPIRIT_MTNPP_RA,resource,internal,-
BCHA,BCHA,ba,external-seam,yes
WACM_LAP_WYIRR,WACM_LAP_WYIRR_LA,load,internal,-
WAUW.UGPW.YELLOWTAIL115,WAUWYELLWAUWUNYT_1_2_UGP_115_RA,resource,review,-
WACM.UPI.MTNPKPWR6,WACMTESLA_69UNMPP6_GEN_RA,resource,internal,-
WACM.FEUS.W.NAVAJO,WACMNAV_DAMUN_PLT_RA,resource,internal,-
WACM_LAP_WAF,WACM_LAP_WAF_LA,load,internal,-
WACM.CRSP.MOLINA,WACMMOLINAUNMOLINA_PLT_RA,resource,internal,-
WACM_WG_RTO,WACM_WG_RTO_LA,load,internal,-
WACM_CRSP_NTUANIIP,WACM_CRSP_NTUANIIP_LA,load,internal,-
WACM.FEUS.W.BLUFFVIEW4,WACMBLUFVIEWUNUNIT_4_RA,resource,internal,-
WACM.CRSP.GLENCANYON345,WACMGCUNGC_16_PLT_RA,resource,internal,-
WACM_CRSP_TSPM_CONW,WACM_CRSP_TSPM_CONW_LA,load,internal,-
WACM.TSCO.BURLINGTON1,WACMBURLNGTNUNBURLINGTON_1_RA,resource,internal,-
WACM_MEAW,WACM_MEAW_LA,load,internal,-
PRPA_PR_PSCO_PSCM,PRPA_PR_PSCO_PSCM_LA,load,internal,-
NTUA.GEN.KAYENTA.PLTB,WACMKAYUNKAYENTA2_SOLAR_RA,resource,internal,-
WACM.TSCO.CAROUSEL,WACMBURLNGTNUNCAROUSEL_RA,resource,internal,-
PRPM.CRAIG1,PRPM.CRAIG1_H,hub,internal,-
WACM_PACE_BASIN,WACM_PACE_BASIN_LA,load,internal,-
WACM.LAP.SIDNEY,WACMW_SIDNEYUNSIDNEY_DCTIE_RA,resource,internal,-
CEN,CEN,ba,internal,yes
WACM_PACE_GLENDO,WACM_PACE_GLENDO_LA,load,internal,-
GCPD,GCPD,ba,internal,yes
DGTM_MAHG_IM,DGTM_MAHG_IM_LA,load,review,-
WACM.PSC2.TACOMA,WACMTACOUNWACM_HYDRO_RA,resource,internal,yes
AVA,AVA,ba,external-seam,yes
WACM.TSCO.LIMON1,PSCOLIMOUNLIMON_1_RA,resource,internal,-
WACM.CRSP.FLAMINGGORGE,WACMFGSUNFG_123_PLT_RA,resource,internal,-
WACM_PACE_NCODY_PAC,WACM_PACE_NCODY_PAC_LA,load,internal,-
SDGE,CISO,ba,external-seam,yes
DGTM_GARK_IM,DGTM_GARK_IM_LA,load,review,-
LAPT.UGP.FSE,LAPT.UGP.FSE_H,hub,internal,-
WACM.PACE.CRAIG2,WACMCRGCUUNWACM_PACE_RA,resource,internal,-
NTUA_LD_AZPS,NTUA_LD_AZPS_LA,load,internal,-
WACM.FEUS.W.BLUFFVIEW3,WACMBLUFVIEWUNUNIT_3_RA,resource,internal,-
LAPT.CSU.FSE,LAPT.CSU.FSE_H,hub,internal,-
WACM_LAP_TSPM_WYEAST,WACM_LAP_TSPM_WYEAST_LA,load,internal,-
WAUW_UGPW,WAUW_UGPW_LA,load,review,-
WACM.LAP.YELLOWTAIL230,WACMYELLOWBRUNYT_3_4_LAP_230_RA,resource,internal,-
TID,TID,ba,external-seam,yes
CSU_L_OTERO,CSU_L_OTERO_LA,load,internal,-
WACM.TSCO.KCW,WACMLANDSMANUNKIT_CARSON_RA,resource,internal,-
DGTM_VERN_IM,DGTM_VERN_IM_LA,load,review,-
WACM.TSCO.DOLORESCANYON,WACMCAHUNDOLRES_CANYON_RA,resource,internal,-
WACM.LAP.HEARTMOUNTAIN,WACMHEARTMTUNHEART_MT_RA,resource,internal,-
WACM_TSPM_CO_ANCCOSE,WACM_TSPM_CO_ANCCOSE_LA,load,internal,-
NEVP,NVE,ba,external-seam,yes
WACM.TSCO.NIYOL,WACMN_YUMAUNWACM_TSPM_NIYL_RA,resource,internal,-
WACM_CRSP_FEUS_W,WACM_CRSP_FEUS_W_LA,load,internal,-
WACM.PSC2.AMES,WACMAMESWUNWACM_HYDRO_RA,resource,internal,yes
CSU.PRPA_SCWIND,WACMSPCA2UNSCWIND_RA,resource,internal,-
WACM.UPI.MEAD,WACMDELCAMINUNMEAD_MSR_GEN_RA,resource,internal,-
WACM_PACE_THERMOPOLIS,WACM_PACE_THERMOPOLIS_LA,load,internal,-
WACM_PACE_WYONORTH,WACM_PACE_WYONORTH_LA,load,internal,-
SRP,SRP,ba,external-seam,yes
WAUW.UGPW.FTPECKWEST,WAUWW_FTPECKUNG0_1_5_PLT_RA,resource,review,-
WACM_TSPM_CO_EAST,WACM_TSPM_CO_EAST_LA,load,internal,-
WACM_CRSP_NAPI,WACM_CRSP_NAPI_LA,load,internal,-
CSU_TSPM_CO_COSPGS,CSU_TSPM_CO_COSPGS_LA,load,internal,-
WACM_PACE_GREYBULL,WACM_PACE_GREYBULL_LA,load,internal,-
WACM_CRSP_NTUAGW,WACM_CRSP_NTUAGW_LA,load,internal,-
NTUA_LD_PNM_CO,NTUA_LD_PNM_CO_LA,load,internal,-
SCL,SCL,ba,external-seam,yes
WACM_HAMB_LD,WACM_HAMB_LD_LA,load,internal,-
WACM.TSCO.CRAIG3,WACMCRGCUUNCRG_U3_RA,resource,internal,-
WACM_COS1,WACM_COS1_LA,load,internal,-
WACM.TNSK.KMBLWND,WACMKIMBALLCUNWINDFARM_7UN_RA,resource,internal,-
PRPA_TSPM_CO_LOAD,PRPA_TSPM_CO_LOAD_LA,load,internal,-
WACM.UPI.JENKINS,WACMDAVSLRUNTGT_JENKINS_RA,resource,internal,-
CSU.TESSLA,WACMTESLA_HYUNTESSLA_RA,resource,internal,-
WACM_LAP_TSPM_WYWEST,WACM_LAP_TSPM_WYWEST_LA,load,internal,-
WACM.GPMR.GARMESA.RTO,WACMGARNETMEUNGMESA_GPM_RA,resource,internal,-
WACM.UPI.PLATTESLR2,WACMRATTSKRDUNPLATTE2_RA,resource,internal,-
WAUW_BEPW,WAUW_BEPW_LA,load,review,-
WACM_TSPM_CO_LOAD,WACM_TSPM_CO_LOAD_LA,load,internal,-
WACM_FRY_MTEPUMP,WACM_FRY_MTEPUMP_LA,load,internal,-
WACM.UPI.RATTLESNAKE,WACMRATTSKRDUNRATL_MSR_GEN_RA,resource,internal,-
PNM,PNM,ba,internal,yes
WACM.MEAW.SHAVANO.DROP.4,WACMEMNTUNWACM_MEAN_4_RA,resource,internal,-
WACM.LAP.GLENDO,WACMGLENDOUNGLENDO_PLT_RA,resource,internal,-
WACM_CRSP_TSPM_COEAST,WACM_CRSP_TSPM_COEAST_LA,load,internal,-
CSU.RD_NIXON_2,WACMRDNIXONUNRD_NIXON_2_RA,resource,internal,-
LAPT.TSGT.FSE,LAPT.TSGT.FSE_H,hub,internal,-
LAPT.PRPA.FSE,LAPT.PRPA.FSE_H,hub,internal,-
WACM.FRY.MTELBERT,WACMMT_ELBRTUNGEN_12_PLT_RA,resource,internal,-
WACM_AZTEC_RTO,WACM_AZTEC_RTO_LA,load,internal,-
WACM_PACE_NAPLES,WACM_PACE_NAPLES_LA,load,internal,-
WACM_UPI_UPI,WACM_UPI_UPI_LA,load,internal,-
WACM.TSCO.CTW,WACMWINDTALKUNCROSNGTR_WIND_RA,resource,internal,-
CSU.FULLER_BESS,WACMW_FULLERUNFULLER_MSR_RA,resource,internal,-
WACM.LAP.YELLOWTAIL115,WACMYELLOWBRUNYT_1_2_LAP_115_RA,resource,internal,-
PSLO_COBB2_PR_PSCO_PSCM,PSLO_COBB2_PR_PSCO_PSCM_LA,load,review,-
EPE,EPE,ba,internal,yes
WACM_CRSP_AZTC,WACM_CRSP_AZTC_LA,load,internal,-
WACM_PACE_WAGONHOUND,WACM_PACE_WAGONHOUND_LA,load,internal,-
TSPM_SOURCEHUB,TSPM_SOURCEHUB_H,hub,internal,-
CSU.SOUTHPLANT_AU6,WACMSOUTHPLAUNSOUTHPLANT_AU6_RA,resource,internal,-
IPCO,IPCO,ba,external-seam,yes
CSU_PSCM_L_FOUNTAIN,CSU_PSCM_L_FOUNTAIN_LA,load,internal,-
CSU.SOUTHPLANT_AU3,WACMSOUTHPLAUNSOUTHPLANT_AU3_RA,resource,internal,-
CSU.PIKESOLAR,WACMWILLSCRKUNPIKE_SOLAR_RA,resource,internal,-
WACM.TSWY.LRS2,WACMLAR_RIVRUNWACM_TSPM_G2_RA,resource,internal,-
CSU.PUEBLOHYDRO,WACMPUEBRES2UNPUEBLO_HYDRO_RA,resource,internal,-
WACM_NTUA_AZPS,WACM_NTUA_AZPS_H,hub,internal,-
WACM.UPI.MTNPKPWR3,WACMTESLA_69UNMPP3_GEN_RA,resource,internal,-
WACM_LAP_MEAW,WACM_LAP_MEAW_LA,load,internal,-
WACM.LAP.MARYSLAKE,WACMMARYLKPPUNMARYLKPP_RA,resource,internal,-
WACM_CRSP_UINTAH,WACM_CRSP_UINTAH_LA,load,internal,-
WACM.TSWY.LRS3,WACMLAR_RIVRUNWACM_TSPM_G3_RA,resource,internal,-
PRPM.FLATS,PRPARAWHIDEUNFLATS_SOLAR_RA,resource,internal,-
WACM_PACE_CASPER,WACM_PACE_CASPER_LA,load,internal,-
TPWR,TPWR,ba,external-seam,yes
CRSP.LAPT.FSE,CRSP.LAPT.FSE_H,hub,internal,-
WACM.FEUS.W.BLUFFVIEW,WACMBLUFVIEWUNBLUFVIEW_CC_RA,resource,internal,-
WACM.TSCO.BURLINGTON2,WACMBURLNGTNUNBURLINGTON_2_RA,resource,internal,-
WACM_TSPM_WY_WEST,WACM_TSPM_WY_WEST_LA,load,internal,-
PSLO_KELIM_PR_PSCO_PSCM,PSLO_KELIM_PR_PSCO_PSCM_LA,load,review,-
GWA,GWA,ba,internal,yes
BHBA,BHBA,ba,internal,-
WACM_CRSP_MEAW,WACM_CRSP_MEAW_LA,load,internal,-
WACM_CRSP_DOLRS,WACM_CRSP_DOLRS_LA,load,internal,-
CHPD,CHPD,ba,internal,yes
WACM.MEAW.WYGEN1,WACMWYGMEANUNWYGEN1_MEAN_RA,resource,internal,-
SCE,CISO,ba,external-seam,yes
WACM.LAP.BIGTHOMPSON,WACMBIGTHOMPUNG1_RA,resource,internal,-
CSU.RD_NIXON_1,WACMRDNIXONUNRD_NIXON_1_RA,resource,internal,-
WACM_PACE_FTSANDERS,WACM_PACE_FTSANDERS_LA,load,internal,-
WACM_LAP_SIDN,WACM_LAP_SIDN_LA,load,internal,-
WACM_MPEI_RTO,WACM_MPEI_RTO_LA,load,internal,-
WACM.LAP.FLATIRON,WACMFLATIRONUNFLATIRON_PLT_RA,resource,internal,-
WACM_WAFB_COSUP,WACM_WAFB_COSUP_LA,load,internal,-
CSU.RD_NIXON_3,WACMRDNIXONUNRD_NIXON_3_RA,resource,internal,-
WACM_TSPM_CO_WEST_CRSP,WACM_TSPM_CO_WEST_CRSP_LA,load,internal,-
WALC,WALC,ba,internal,yes
NTUA_LD_PNM_CH,NTUA_LD_PNM_CH_LA,load,internal,-
PSLO_BIJOU_PR_PSCO_PSCM,PSLO_BIJOU_PR_PSCO_PSCM_LA,load,review,-
WACM.UPI.BROMLEY,WACMBROMUNBROM_MSR_GEN_RA,resource,internal,-
PRPM.PRAIRIE,PRPARAWHIDEUNPRAIRIE_SOLAR_RA,resource,internal,-
WACM_CRSP_TSPM_NEWMEX,WACM_CRSP_TSPM_NEWMEX_LA,load,internal,-
PSLO_STER1_PR_PSCO_PSCM,PSLO_STER1_PR_PSCO_PSCM_LA,load,review,-
WACM.UPI.MTNPKPWR2,WACMTESLA_69UNMPP2_GEN_RA,resource,internal,-
WACM.PSC2.CRAIG2,WACMCRGCUUNWACM_PSCO_U2_RA,resource,internal,-
WACM.TSCO.AXIALBASIN,WACMMILK_CRKUNAXIAL_BASIN_RA,resource,internal,-
NTUA.GEN.KAYENTA.PLTA,WACMKAYUNKAYENTA1_SOLAR_RA,resource,internal,-
WACM_BEPW,WACM_BEPW_LA,load,internal,-
GRID,GRID,ba,internal,yes
WACM_LAP_GOSH,WACM_LAP_GOSH_LA,load,internal,-
